country,Coal,Oil,Gas,Nuclear,Renewables,Low-carbon
Algeria,-2.3,-3.6,5.9,0.0,0.1,0.1
Argentina,-0.8,-9.9,9.9,-1.4,2.3,0.8999999999999999
Australia,-14.9,-3.1,10.3,0.0,7.6,7.6
Austria,-6.0,-4.4,2.8,0.0,7.5,7.5
Azerbaijan,-0.3,-8.0,8.3,0.0,-0.0,0.0
Bangladesh,7.9,-1.8,-3.6,0.0,-2.5,-2.5
Belarus,-1.7,-31.4,29.1,2.9,1.1,4.0
Belgium,-14.0,0.6,7.4,-3.7,9.8,6.1000000000000005
Brazil,-2.7,-8.2,7.8,0.7,2.5,3.2
Bulgaria,-4.9,-5.6,-5.7,5.9,10.1,16.0
Canada,-7.1,-1.3,9.4,-1.4,0.4,-0.9999999999999999
Chile,0.7,-6.0,3.3,0.0,2.0,2.0
China,-21.2,2.3,6.6,2.3,10.0,12.3
Colombia,-2.5,-5.4,8.1,0.0,-0.2,-0.2
Croatia,-2.3,-10.4,1.3,0.0,11.4,11.4
Cyprus,-2.4,-4.8,0.0,0.0,7.2,7.2
Czechia,-29.5,6.6,6.1,10.0,6.8,16.8
Denmark,-31.7,-5.2,0.4,0.0,36.6,36.6
Ecuador,0.3,-14.7,-0.6,0.0,15.1,15.1
Egypt,-1.2,-33.2,35.5,0.0,-1.2,-1.2
Estonia,-7.5,-2.8,-4.0,0.0,14.3,14.3
Finland,-7.8,-10.1,-2.6,2.4,18.1,20.5
France,-5.7,-8.5,5.2,1.7,7.2,8.9
Germany,-16.3,-3.7,8.3,-6.4,18.2,11.799999999999999
Greece,-25.0,-12.6,21.6,0.0,16.0,16.0
Hong Kong,-28.4,7.7,19.9,0.0,0.7,0.7
Hungary,-15.6,1.7,4.4,1.8,7.6,9.4
India,-0.9,-1.5,1.1,0.5,0.9,1.4
Indonesia,31.7,-25.8,-12.8,0.0,6.8,6.8
Iran,-0.5,-37.7,38.8,0.4,-1.0,-0.6
Iraq,0.0,-12.5,16.2,0.0,-3.7,-3.7
Ireland,-25.4,-3.0,10.8,0.0,17.6,17.6
Israel,-6.8,-37.6,39.6,0.0,4.7,4.7
Italy,-3.4,-26.1,17.3,0.0,12.2,12.2
Japan,10.2,-18.2,10.8,-8.2,5.6,-2.5999999999999996
Kazakhstan,-3.0,-8.0,9.5,-0.1,1.6,1.5
Kuwait,0.2,-15.8,15.6,0.0,0.1,0.1
Latvia,-9.4,0.7,-3.7,0.0,12.4,12.4
Lithuania,-1.5,12.1,3.5,-26.1,12.0,-14.100000000000001
Malaysia,16.0,-21.7,2.3,0.0,3.5,3.5
Mexico,0.0,-26.0,22.7,0.5,2.7,3.2
Morocco,17.3,-22.5,1.9,0.0,3.3,3.3
Netherlands,-4.4,1.8,-9.0,-0.1,11.6,11.5
New Zealand,-0.9,7.4,-8.8,0.0,2.3,2.3
North Macedonia,-21.8,3.2,11.8,0.0,6.8,6.8
Norway,-0.2,-1.9,2.3,0.0,-0.3,-0.3
Oman,0.3,-25.5,24.6,0.0,0.6,0.6
Pakistan,8.7,-15.1,8.2,3.5,-5.3,-1.7999999999999998
Peru,-0.3,-24.5,24.9,0.0,-0.1,-0.1
Philippines,30.9,-32.9,6.2,0.0,-4.2,-4.2
Poland,-33.8,16.7,9.3,0.0,7.8,7.8
Portugal,-15.4,-26.0,22.3,0.0,19.1,19.1
Qatar,0.0,13.1,-13.3,0.0,0.1,0.1
Romania,-8.7,4.4,-15.7,7.5,12.4,19.9
Russia,-8.3,-6.4,9.9,3.2,1.6,4.800000000000001
Saudi Arabia,0.0,-3.1,3.0,0.0,0.1,0.1
Singapore,0.5,-13.8,13.2,0.0,0.2,0.2
Slovakia,-19.9,3.7,1.2,6.9,8.2,15.1
Slovenia,-12.1,7.3,-0.7,0.9,4.6,5.5
South Africa,-4.1,0.7,1.1,-0.5,2.8,2.3
South Korea,0.9,-17.0,14.1,-1.1,3.0,1.9
Spain,-18.4,-9.3,16.5,-4.4,15.5,11.1
Sri Lanka,18.7,-10.2,0.0,0.0,-8.5,-8.5
Sweden,-2.2,-8.1,0.5,-9.6,19.3,9.700000000000001
Switzerland,-0.7,-11.6,5.7,-1.2,7.9,6.7
Taiwan,11.0,-17.2,15.8,-10.2,0.6,-9.6
Thailand,1.9,-20.5,14.8,0.0,3.8,3.8
Trinidad and Tobago,0.0,-12.6,12.7,0.0,-0.1,-0.1
Turkey,-8.6,-17.3,20.4,0.0,5.6,5.6
Turkmenistan,-2.1,-15.7,17.8,0.0,-0.0,0.0
Ukraine,-4.8,-7.9,-8.0,15.6,5.1,20.7
United Kingdom,-26.1,-4.5,14.5,-1.8,17.9,16.099999999999998
United States,-12.8,-3.2,9.9,0.1,6.0,6.1
Uzbekistan,1.3,-12.1,12.0,0.0,-1.2,-1.2
Venezuela,-0.1,-14.8,5.4,0.0,9.6,9.6
Vietnam,14.8,-19.6,5.2,0.0,-0.4,-0.4
