country,Population,Affluence,Energy intensity,Carbon intensity,Total change,Population (%),Affluence (%),Energy intensity (%),Carbon intensity (%),Total change (%)
Afghanistan,5.7,2.0,-2.7,3.6,8.6,314.6,111.3,-151.9,201.0,474.9
Albania,-0.6,6.0,-5.0,0.4,0.7,-15.3,145.6,-122.0,9.3,17.6
Algeria,66.6,123.8,-93.3,7.3,104.3,85.7,159.3,-120.1,9.3,134.2
Angola,11.1,15.8,-12.7,-0.4,13.8,218.2,309.6,-248.1,-8.5,271.2
Argentina,45.3,64.8,-27.3,-20.4,62.4,38.7,55.3,-23.3,-17.4,53.3
Australia,134.2,203.2,-195.5,-32.2,109.7,47.8,72.4,-69.6,-11.5,39.1
Austria,9.2,26.7,-26.8,-8.7,0.4,14.7,42.5,-42.7,-13.9,0.6
Azerbaijan,15.2,39.9,-64.1,-4.8,-14.0,28.9,75.9,-122.1,-9.2,-26.6
Bahrain,22.4,36.2,-34.5,1.9,26.1,202.7,327.0,-311.5,17.4,235.7
Bangladesh,17.2,67.9,-1.9,0.9,84.1,116.4,460.7,-13.2,6.3,570.2
Belarus,-7.6,45.7,-68.9,-12.2,-43.0,-7.5,44.8,-67.5,-12.0,-42.2
Belgium,15.6,40.2,-45.6,-40.5,-30.4,12.8,32.9,-37.4,-33.2,-24.9
Benin,2.1,0.8,2.3,0.0,5.2,335.9,129.3,363.0,4.3,832.6
Bolivia,7.5,9.8,2.7,-9.4,10.7,71.7,93.4,25.9,-89.5,101.5
Botswana,2.6,4.6,-3.1,-0.0,4.1,95.2,169.4,-114.1,-0.6,149.9
Brazil,108.4,206.2,-46.9,-20.0,247.7,47.7,90.7,-20.6,-8.8,109.0
Bulgaria,-12.3,43.3,-44.4,-9.8,-23.2,-18.9,66.5,-68.2,-15.0,-35.6
Burkina Faso,2.1,0.8,2.7,0.0,5.5,330.4,122.7,434.6,3.1,890.8
Burundi,0.4,-0.2,0.3,0.2,0.6,166.4,-93.9,118.5,69.4,260.3
Cambodia,5.6,5.1,13.6,-4.7,19.6,425.9,391.9,1046.8,-363.5,1501.0
Cameroon,4.6,2.4,-2.9,3.1,7.1,171.4,88.4,-109.2,115.6,266.2
Canada,155.0,199.9,-233.7,-41.9,79.4,33.9,43.7,-51.1,-9.2,17.4
Central African Republic,0.1,-0.1,0.1,0.1,0.2,75.4,-52.6,38.8,27.8,89.4
Chad,1.2,0.8,0.0,0.2,2.2,315.6,202.7,3.1,48.6,570.0
Chile,18.9,38.4,-3.9,-2.1,51.3,59.3,120.2,-12.3,-6.7,160.5
China,1174.8,10580.2,-1996.2,-1072.5,8686.3,45.0,405.2,-76.4,-41.1,332.6
Colombia,32.8,39.8,-13.5,-22.2,36.9,56.3,68.3,-23.2,-38.0,63.3
Congo,3.1,0.2,2.4,1.1,6.8,271.7,19.8,216.7,95.9,604.1
Costa Rica,2.3,3.6,-0.9,-0.8,4.2,70.6,108.6,-28.1,-25.2,126.0
Cote d'Ivoire,6.7,4.7,-0.9,-1.7,8.8,155.4,109.4,-21.8,-40.1,203.0
Croatia,-3.7,15.5,-10.7,-2.6,-1.5,-19.5,82.6,-56.9,-14.0,-7.8
Cuba,0.9,14.8,-24.5,5.3,-3.4,3.5,57.5,-94.9,20.7,-13.3
Cyprus,3.0,3.4,-4.1,-0.4,1.9,58.7,66.8,-81.2,-7.5,36.8
Czechia,3.2,105.6,-123.1,-44.2,-58.5,2.1,69.1,-80.5,-28.9,-38.3
Democratic Republic of Congo,3.9,0.4,-2.5,-0.4,1.4,115.2,12.3,-73.9,-11.3,42.2
Denmark,5.4,20.7,-31.3,-24.5,-29.6,9.2,35.4,-53.3,-41.8,-50.5
Djibouti,0.2,0.2,-0.7,0.5,0.2,80.9,59.2,-236.0,170.2,74.4
Dominican Republic,7.4,24.5,-12.8,0.3,19.3,76.8,254.1,-133.5,3.4,200.8
Ecuador,13.4,11.1,-1.3,-3.9,19.3,73.7,60.9,-7.1,-21.3,106.1
Egypt,90.3,166.8,-112.6,35.0,179.4,120.6,222.6,-150.3,46.7,239.5
El Salvador,0.6,4.7,-0.2,-1.0,4.0,20.6,156.3,-7.3,-34.1,135.4
Equatorial Guinea,1.9,2.6,1.8,0.7,6.9,2912.8,3999.2,2721.4,1078.4,10711.9
Estonia,-2.9,12.7,-20.8,-10.3,-21.3,-9.3,39.8,-65.3,-32.3,-66.9
Eswatini,0.3,0.7,-0.2,-0.6,0.1,30.2,73.5,-23.5,-67.3,12.8
Ethiopia,7.3,7.4,-0.6,0.2,14.2,245.7,250.0,-20.9,6.2,481.0
Finland,4.6,20.6,-26.5,-16.8,-18.2,8.3,37.1,-47.8,-30.3,-32.8
France,49.8,103.1,-197.1,-68.6,-112.8,12.2,25.3,-48.4,-16.8,-27.7
Gabon,4.4,3.4,-6.1,-0.7,1.0,94.5,73.6,-131.8,-14.5,21.8
Gambia,0.4,0.1,-0.1,0.2,0.5,177.3,65.7,-51.2,84.2,275.9
Germany,35.2,453.8,-615.2,-223.2,-349.4,3.5,44.8,-60.7,-22.0,-34.5
Ghana,6.9,8.7,0.5,0.5,16.6,194.5,243.7,14.2,14.8,467.3
Greece,1.7,25.9,-26.1,-28.5,-27.0,2.0,30.8,-31.1,-33.9,-32.2
Guatemala,6.7,4.4,5.5,-3.0,13.6,132.0,86.7,108.4,-58.4,268.7
Guinea,1.6,1.7,-0.2,0.1,3.2,160.9,169.4,-16.3,8.4,322.4
Guinea-Bissau,0.1,0.0,-0.1,0.2,0.2,144.5,29.5,-123.2,198.6,249.5
Haiti,0.9,0.0,1.6,-0.3,2.3,94.9,1.8,167.9,-27.0,237.7
Honduras,4.0,2.6,0.9,0.8,8.3,155.1,98.9,35.1,29.3,318.4
Hong Kong,8.7,15.0,-9.4,-11.2,3.1,29.5,50.8,-31.9,-37.9,10.6
Hungary,-3.8,61.1,-63.5,-15.5,-21.6,-5.5,89.2,-92.7,-22.6,-31.5
India,654.0,1704.0,-463.5,132.4,2026.9,106.1,276.5,-75.2,21.5,328.9
Indonesia,145.7,392.2,-65.1,22.3,495.1,82.6,222.4,-36.9,12.6,280.7
Iran,171.5,441.5,-21.9,-47.8,543.3,77.7,200.0,-9.9,-21.6,246.1
Iraq,94.5,162.7,-138.2,23.9,142.9,183.8,316.5,-268.9,46.5,278.0
Ireland,12.4,38.0,-36.4,-11.0,3.0,37.0,113.9,-109.0,-32.9,9.1
Israel,30.5,25.8,-19.5,-14.6,22.1,80.1,67.8,-51.4,-38.3,58.3
Italy,17.4,98.0,-190.5,-36.6,-111.7,4.0,22.4,-43.5,-8.4,-25.5
Jamaica,1.2,0.8,-2.0,-0.3,-0.3,16.3,10.4,-26.7,-3.9,-3.9
Japan,15.6,222.7,-318.6,-43.5,-123.8,1.3,19.1,-27.3,-3.7,-10.6
Jordan,16.3,6.8,-9.0,-3.6,10.5,149.2,62.0,-82.2,-33.0,96.0
Kazakhstan,35.2,226.0,-281.0,33.0,13.2,13.9,89.1,-110.7,13.0,5.2
Kenya,9.1,7.1,-4.2,3.0,15.0,170.1,132.0,-78.1,55.6,279.7
Kuwait,144.5,216.3,-109.9,-339.8,-88.9,77.4,115.8,-58.8,-181.9,-47.6
Laos,2.9,8.7,9.9,-1.2,20.3,527.2,1588.2,1804.4,-225.7,3694.2
Latvia,-3.8,8.0,-11.0,-3.5,-10.3,-22.0,46.4,-63.8,-20.5,-59.8
Lebanon,5.9,12.2,-4.2,-2.9,10.9,68.9,141.9,-49.1,-34.1,127.7
Lesotho,0.4,0.3,2.3,-2.0,1.0,26.7,20.8,151.0,-132.1,66.4
Liberia,0.5,-0.3,0.1,0.1,0.4,132.9,-82.2,22.4,25.1,98.2
Libya,20.0,39.7,-44.9,-3.0,11.7,51.7,102.4,-116.0,-7.8,30.3
Lithuania,-5.9,18.5,-32.9,2.1,-18.2,-18.6,58.6,-104.1,6.5,-57.6
Madagascar,1.9,0.2,0.5,0.5,3.1,192.0,17.2,53.4,49.5,312.0
Malawi,0.9,0.5,-0.4,0.1,1.0,111.5,64.3,-55.3,11.1,131.5
Malaysia,90.3,147.7,-27.7,-2.1,208.1,140.3,229.5,-43.1,-3.2,323.5
Mali,2.0,0.5,3.5,0.4,6.5,467.9,115.3,810.6,88.4,1482.2
Mauritania,2.0,1.7,-1.4,1.7,4.0,226.4,193.6,-164.3,198.1,453.8
Mauritius,0.4,1.4,0.7,-0.0,2.5,24.7,92.1,41.9,-1.0,157.7
Mexico,157.9,155.4,-129.9,-66.6,116.8,48.4,47.6,-39.8,-20.4,35.8
Mongolia,9.3,42.1,-31.0,8.3,28.7,85.0,386.6,-284.0,76.1,263.7
Morocco,16.8,27.0,2.2,-1.4,44.6,71.1,114.5,9.5,-5.8,189.3
Mozambique,2.9,-1.7,6.6,-1.0,6.8,286.5,-168.8,660.3,-97.6,680.4
Myanmar,3.9,21.4,0.5,1.6,27.4,87.9,486.5,12.4,36.0,622.8
Nepal,2.1,4.8,6.3,2.1,15.2,209.8,481.7,635.8,207.7,1535.1
Netherlands,23.9,79.9,-94.4,-43.3,-33.8,14.2,47.4,-56.0,-25.7,-20.1
New Zealand,11.5,16.9,-21.8,0.3,7.0,43.4,63.5,-82.0,1.2,26.1
Nicaragua,1.5,2.8,-1.1,-0.4,2.8,70.0,133.4,-51.5,-18.8,133.0
Niger,1.5,0.2,-0.0,0.7,2.4,269.5,43.1,-5.4,116.5,423.7
Nigeria,62.6,83.5,-74.7,21.1,92.4,148.0,197.7,-176.8,49.9,218.7
North Korea,16.5,-29.9,-9.3,-28.4,-51.1,15.0,-27.2,-8.5,-25.9,-46.6
North Macedonia,-0.8,5.2,-4.6,-2.0,-2.1,-8.8,57.4,-50.5,-21.7,-23.6
Norway,9.0,38.1,-41.5,1.1,6.8,26.2,111.2,-120.9,3.3,19.7
Oman,30.8,40.8,-5.2,-3.1,63.3,265.0,350.8,-44.7,-26.7,544.4
Pakistan,91.0,94.3,-36.4,5.7,154.6,131.6,136.5,-52.7,8.2,223.7
Panama,3.2,5.6,-5.0,2.4,6.2,98.0,171.7,-152.8,72.9,189.7
Paraguay,2.1,2.5,2.0,-1.1,5.5,93.8,109.7,86.3,-49.1,240.7
Peru,14.1,25.7,0.2,-3.6,36.3,66.8,122.1,0.7,-17.3,172.4
Philippines,46.8,71.4,-30.9,9.7,97.1,106.8,163.1,-70.5,22.2,221.6
Poland,0.5,464.3,-462.4,-57.8,-55.4,0.1,125.0,-124.5,-15.6,-14.9
Portugal,1.8,18.1,-9.5,-17.2,-6.8,3.8,37.9,-19.9,-36.1,-14.2
Qatar,91.3,113.9,-123.3,4.6,86.6,492.4,614.0,-664.7,24.9,466.5
Romania,-18.8,175.0,-214.0,-17.6,-75.4,-12.5,116.5,-142.4,-11.7,-50.2
Russia,-42.4,1549.5,-1835.0,-314.0,-641.8,-1.8,67.3,-79.7,-13.6,-27.9
Rwanda,0.6,0.4,-0.3,0.5,1.2,112.9,88.5,-68.1,109.1,242.4
Saudi Arabia,430.8,331.7,-288.7,-36.0,437.8,184.0,141.6,-123.3,-15.4,187.0
Senegal,5.2,2.3,1.9,0.1,9.4,168.7,73.9,60.4,1.9,305.0
Sierra Leone,0.5,-0.1,-0.1,0.6,0.9,121.1,-15.2,-31.6,133.4,207.8
Singapore,27.2,55.8,-28.6,-50.9,3.5,60.4,123.9,-63.5,-113.0,7.8
Slovakia,1.4,38.9,-49.1,-13.1,-21.9,2.5,71.2,-89.9,-24.0,-40.2
Slovenia,0.7,8.4,-7.8,-2.8,-1.4,5.2,59.0,-54.7,-19.4,-10.0
South Africa,144.6,258.1,-291.9,10.3,121.1,46.1,82.3,-93.1,3.3,38.6
South Korea,65.0,425.3,-47.2,-111.6,331.5,23.6,154.4,-17.1,-40.5,120.4
Spain,45.5,111.9,-85.5,-85.8,-13.9,19.1,46.9,-35.8,-35.9,-5.8
Sri Lanka,3.2,10.3,-1.1,3.1,15.6,75.0,239.4,-25.9,72.1,360.5
Sweden,8.9,23.6,-34.5,-18.3,-20.4,15.4,41.0,-60.0,-31.8,-35.4
Switzerland,9.9,23.2,-38.0,-6.0,-11.0,21.7,51.0,-83.7,-13.2,-24.3
Syria,18.7,-48.2,18.2,2.6,-8.7,45.7,-118.1,44.5,6.4,-21.4
Taiwan,24.5,220.5,-95.4,-6.2,143.3,18.4,165.2,-71.5,-4.7,107.4
Tanzania,6.3,9.3,-2.9,2.9,15.6,290.6,427.2,-135.1,132.1,714.9
Thailand,42.7,111.5,58.8,-38.1,174.8,44.6,116.5,61.4,-39.8,182.7
Togo,1.3,0.5,0.2,-0.3,1.7,123.6,53.3,15.4,-27.0,165.2
Trinidad and Tobago,4.3,14.7,4.0,-4.3,18.6,24.1,82.9,22.8,-24.4,105.4
Tunisia,7.8,14.5,-4.7,-3.0,14.6,49.3,92.1,-29.6,-18.7,93.0
Turkey,115.9,294.2,-78.8,-53.2,278.1,72.0,182.8,-49.0,-33.1,172.8
Turkmenistan,33.2,52.3,-24.7,-7.2,53.6,103.9,163.8,-77.3,-22.4,167.9
Uganda,2.4,2.1,0.3,0.4,5.2,302.7,270.7,42.7,48.5,664.6
Ukraine,-68.5,11.7,-408.5,9.2,-456.1,-10.7,1.8,-63.5,1.4,-70.9
United Kingdom,73.4,155.8,-337.7,-166.6,-275.2,12.2,25.9,-56.1,-27.7,-45.7
United States,1421.9,2111.3,-2909.7,-830.7,-207.2,27.7,41.2,-56.7,-16.2,-4.0
Uruguay,0.5,3.4,0.2,-1.4,2.7,10.7,75.5,3.5,-30.1,59.6
Uzbekistan,54.5,60.4,-101.7,-1.8,11.3,51.7,57.2,-96.4,-1.7,10.7
Venezuela,34.4,-104.7,65.1,-13.4,-18.5,30.4,-92.4,57.5,-11.8,-16.4
Vietnam,44.4,171.7,95.1,0.5,311.8,207.7,803.2,445.0,2.3,1458.2
Yemen,9.5,-7.1,-0.1,-1.3,1.0,99.6,-74.1,-0.8,-13.9,10.8
Zambia,4.8,5.0,-5.1,3.0,7.7,200.3,207.1,-212.1,124.4,319.7
Zimbabwe,5.4,-3.9,-4.4,-2.6,-5.6,33.8,-24.6,-28.0,-16.4,-35.2
