year,co2,consumption_co2,trade_co2,imported_share
1990,10863.8,11693.5,829.7,7.6
1991,11395.1,11684.8,289.8,2.5
1992,11063.2,12449.9,1386.6,12.5
1993,11213.3,12241.9,1028.6,9.2
1994,11399.0,12401.5,1002.5,8.8
1995,11522.7,12576.5,1053.8,9.1
1996,11872.5,12770.1,897.6,7.6
1997,11901.0,12850.8,949.8,8.0
1998,11903.2,12958.1,1054.9,8.9
1999,12049.5,13168.6,1119.1,9.3
2000,12449.2,13823.1,1373.8,11.0
2001,12413.1,13678.7,1265.5,10.2
2002,12522.6,13870.9,1348.3,10.8
2003,12714.3,14259.1,1544.8,12.2
2004,12873.1,14549.6,1676.5,13.0
2005,12897.2,14777.0,1879.8,14.6
2006,12879.4,14845.5,1966.1,15.3
2007,12952.0,14757.3,1805.3,13.9
2008,12699.0,14459.5,1760.5,13.9
2009,11959.6,13454.8,1495.2,12.5
2010,12465.4,14092.8,1627.4,13.1
2011,12281.8,13991.4,1709.5,13.9
2012,12208.8,13810.6,1601.8,13.1
2013,12298.4,13798.4,1500.0,12.2
2014,12125.2,13717.3,1592.1,13.1
2015,12013.0,13475.8,1462.8,12.2
2016,11879.0,13375.3,1496.4,12.6
2017,11829.7,13273.0,1443.3,12.2
2018,11927.0,13457.8,1530.8,12.8
2019,11701.4,13236.7,1535.3,13.1
2020,10668.0,12219.8,1551.8,14.5
2021,11224.2,13018.8,1794.6,16.0
2022,11143.5,13101.8,1958.3,17.6
